,collision_rew,right_lane_rew,speed_rew,tailgating_rew,lane_change_rew,lane_changed,true_reward,seed,epsilon,lmbda,iter
0,-0.46,0.0,4.068714436786182,0.0,0.0,0.88,21.075367454847267,0,0,0.1,0,1
1,-0.86,0.0,5.886300406473703,0.0,-2.9269432981759302,1.05,15.935928861766934,0,0,0.1,0,2
2,-0.85,0.0,6.511191854661753,0.0,-0.5619010097756982,1.87,16.697137039044122,0,0,0.1,0,3
3,-0.67,0.0,8.07654967428244,0.0,-0.5472321510612964,3.5,19.81010691020175,0,0,0.1,0,4
4,-0.73,0.0,7.61961637973047,0.0,-0.6757437791302803,0.98,20.25801169980748,0,0,0.1,0,5
5,-0.61,0.0,8.084640338129145,0.0,0.021478734686970712,2.13,20.659028812949405,0,0,0.1,0,6
6,-0.4,0.0,9.662537925312664,0.0,-0.13539467370510094,2.8,24.28381280379477,0,0,0.1,0,7
7,-0.69,0.0,7.765323747296922,0.0,0.1237933470755816,1.31,20.679516962354942,0,0,0.1,0,8