,goal,True reward,train_rew,feedback,seed,lmbda,Iteration
0,0.93,-9.39,-9.39,0,0,1,1
1,1.0,-5.41,-3.9759579552710056,0,0,1,2
2,0.97,-6.64,-5.812448695152998,0,0,1,3
3,1.0,-5.18,-2.7843697914481162,0,0,1,4
4,0.97,-7.17,-3.010750121474266,0,0,1,5
5,1.0,-5.47,-3.874932036995888,0,0,1,6
